"","domain","phylum","class","order","family","genus","species","lowest"
"MAG001","Bacteria","Bacillota_A","Clostridia","Oscillospirales","Ruminococcaceae","Gemmiger",NA,"g__Gemmiger"
"MAG002","Bacteria","Bacillota_I","Bacilli_A","RF39","UBA660","CAG-533","CAG-533 sp900553855","s__CAG-533 sp900553855"
"MAG003","Bacteria","Bacillota_C","Negativicutes","Acidaminococcales","Acidaminococcaceae","Phascolarctobacterium_A","Phascolarctobacterium_A sp945949475","s__Phascolarctobacterium_A sp945949475"
"MAG004","Bacteria","Bacillota_A","Clostridia","Lachnospirales","Lachnospiraceae","Lachnospira","Lachnospira sp945648485","s__Lachnospira sp945648485"
"MAG005","Bacteria","Bacteroidota","Bacteroidia","Bacteroidales","Bacteroidaceae","Prevotella","Prevotella sp900313215","s__Prevotella sp900313215"
"MAG006","Bacteria","Bacillota_A","Clostridia","Peptostreptococcales","Anaerovoracaceae","Mogibacterium_A","Mogibacterium_A kristiansenii","s__Mogibacterium_A kristiansenii"
"MAG007","Bacteria","Bacillota_A","Clostridia","TANB77","CAG-508","HGM13634","HGM13634 sp905198755","s__HGM13634 sp905198755"
"MAG008","Bacteria","Bacillota_A","Clostridia","Lachnospirales","Lachnospiraceae","Agathobacter",NA,"g__Agathobacter"
"MAG009","Bacteria","Bacillota_A","Clostridia","Clostridiales","Clostridiaceae","Clostridium","Clostridium saudiense","s__Clostridium saudiense"
"MAG010","Bacteria","Bacillota_A","Clostridia","Lachnospirales","Lachnospiraceae","Eubacterium_Q","Eubacterium_Q sp900314445","s__Eubacterium_Q sp900314445"
"MAG011","Bacteria","Bacillota_A","Clostridia","Oscillospirales","Acutalibacteraceae","Eubacterium_R","Eubacterium_R sp900548085","s__Eubacterium_R sp900548085"
"MAG012","Bacteria","Bacillota_A","Clostridia","Oscillospirales","Oscillospiraceae","Faecousia","Faecousia sp945963595","s__Faecousia sp945963595"
"MAG013","Bacteria","Bacillota_I","Bacilli_A","RFN20","CAG-826","Enteromonas","Enteromonas sp028726925","s__Enteromonas sp028726925"
"MAG014","Bacteria","Bacillota_C","Negativicutes","Selenomonadales","Selenomonadaceae","Mitsuokella","Mitsuokella multacida","s__Mitsuokella multacida"
"MAG015","Bacteria","Bacillota_A","Clostridia","Oscillospirales","Oscillospiraceae","Evtepia","Evtepia sp004556345","s__Evtepia sp004556345"
"MAG016","Bacteria","Bacillota_A","Clostridia","Lachnospirales","Lachnospiraceae","Choladousia","Choladousia sp029225065","s__Choladousia sp029225065"
"MAG017","Bacteria","Bacillota_A","Clostridia","Lachnospirales","Lachnospiraceae","Porcincola",NA,"g__Porcincola"
"MAG018","Bacteria","Bacillota_C","Negativicutes","Selenomonadales","Selenomonadaceae","Selenomonas_A","Selenomonas_A montiformis","s__Selenomonas_A montiformis"
"MAG019","Bacteria","Bacillota_A","Clostridia","Oscillospirales","Acutalibacteraceae","Fimenecus","Fimenecus sp004555265","s__Fimenecus sp004555265"
"MAG020","Bacteria","Bacillota_A","Clostridia","Oscillospirales","Acutalibacteraceae","Heritagella","Heritagella sp022767925","s__Heritagella sp022767925"
"MAG021","Bacteria","Bacillota_A","Clostridia","Peptostreptococcales","Peptostreptococcaceae","Romboutsia","Romboutsia timonensis","s__Romboutsia timonensis"
"MAG022","Bacteria","Bacillota_I","Bacilli_A","RF39","UBA660","Aphodocola","Aphodocola sp945969495","s__Aphodocola sp945969495"
"MAG023","Bacteria","Bacillota_A","Clostridia","Lachnospirales","Lachnospiraceae","Blautia_A","Blautia_A luti","s__Blautia_A luti"
"MAG024","Bacteria","Bacillota_A","Clostridia","Lachnospirales","Lachnospiraceae","Blautia_A","Blautia_A difficilis","s__Blautia_A difficilis"
"MAG025","Bacteria","Bacteroidota","Bacteroidia","Bacteroidales","Bacteroidaceae","Prevotella","Prevotella sp002251365","s__Prevotella sp002251365"
"MAG026","Bacteria","Bacillota_A","Clostridia","Oscillospirales","Acutalibacteraceae","Eubacterium_R","Eubacterium_R sp945980375","s__Eubacterium_R sp945980375"
"MAG027","Bacteria","Bacillota_A","Clostridia","Oscillospirales","Acutalibacteraceae","Ruminococcus_E",NA,"g__Ruminococcus_E"
"MAG028","Bacteria","Bacteroidota","Bacteroidia","Bacteroidales","Bacteroidaceae","Prevotella","Prevotella sp900547005","s__Prevotella sp900547005"
"MAG029","Bacteria","Bacillota_A","Clostridia","Lachnospirales","Lachnospiraceae","Oribacterium","Oribacterium sp004554245","s__Oribacterium sp004554245"
"MAG030","Bacteria","Bacillota_A","Clostridia","Oscillospirales","Ruminococcaceae","Faecalibacterium","Faecalibacterium prausnitzii_M","s__Faecalibacterium prausnitzii_M"
"MAG031","Bacteria","Bacillota_C","Negativicutes","Veillonellales","Dialisteraceae","Allisonella","Allisonella histaminiformans","s__Allisonella histaminiformans"
"MAG032","Bacteria","Bacillota_A","Clostridia","Lachnospirales","Lachnospiraceae","Bilifractor","Bilifractor sp900317175","s__Bilifractor sp900317175"
"MAG033","Bacteria","Bacteroidota","Bacteroidia","Bacteroidales","Bacteroidaceae","Prevotella","Prevotella sp022775985","s__Prevotella sp022775985"
"MAG034","Bacteria","Bacillota_A","Clostridia","Lachnospirales","Lachnospiraceae","Blautia_A","Blautia_A sp905209435","s__Blautia_A sp905209435"
"MAG035","Bacteria","Bacillota_B","Peptococcia","Peptococcales","Peptococcaceae","UMGS1590","UMGS1590 sp937976375","s__UMGS1590 sp937976375"
"MAG036","Bacteria","Bacillota_A","Clostridia","Oscillospirales","Ruminococcaceae","Faecalibacterium","Faecalibacterium duncaniae","s__Faecalibacterium duncaniae"
"MAG037","Bacteria","Bacillota_A","Clostridia","Lachnospirales","Lachnospiraceae","Alitiscatomonas","Alitiscatomonas sp900066785","s__Alitiscatomonas sp900066785"
"MAG038","Bacteria","Bacillota_C","Negativicutes","Selenomonadales","Selenomonadaceae","Anaerovibrio","Anaerovibrio sp017390245","s__Anaerovibrio sp017390245"
"MAG039","Bacteria","Bacteroidota","Bacteroidia","Bacteroidales","Bacteroidaceae","Prevotella","Prevotella sp000434975","s__Prevotella sp000434975"
"MAG040","Bacteria","Bacillota_A","Clostridia","Lachnospirales","Lachnospiraceae","W0P33-017","W0P33-017 sp945828315","s__W0P33-017 sp945828315"
"MAG041","Bacteria","Bacillota_A","Clostridia","Lachnospirales","Lachnospiraceae","NC2004","NC2004 sp029098105","s__NC2004 sp029098105"
"MAG042","Bacteria","Pseudomonadota","Gammaproteobacteria","Burkholderiales","Rhodocyclaceae","SFHR01","SFHR01 sp004555545","s__SFHR01 sp004555545"
"MAG043","Bacteria","Bacillota_A","Clostridia","Lachnospirales","Lachnospiraceae","Blautia","Blautia sp022777285","s__Blautia sp022777285"
"MAG044","Bacteria","Bacteroidota","Bacteroidia","Bacteroidales","Bacteroidaceae","Prevotella","Prevotella sp000436915","s__Prevotella sp000436915"
"MAG045","Bacteria","Bacteroidota","Bacteroidia","Bacteroidales","Bacteroidaceae","Prevotella","Prevotella sp900322035","s__Prevotella sp900322035"
"MAG046","Bacteria","Bacillota_I","Bacilli_A","RF39","UBA660","Faecimonas","Faecimonas sp022771205","s__Faecimonas sp022771205"
"MAG047","Bacteria","Bacillota_A","Clostridia","TANB77","CAG-508","CAG-793",NA,"g__CAG-793"
"MAG048","Bacteria","Bacillota_I","Bacilli_A","RF39","UBA660","CAG-605","CAG-605 sp000433255","s__CAG-605 sp000433255"
"MAG049","Bacteria","Bacillota_A","Clostridia","Oscillospirales","Ruminococcaceae","RGIG3102","RGIG3102 sp934526065","s__RGIG3102 sp934526065"
"MAG050","Bacteria","Bacteroidota","Bacteroidia","Bacteroidales","Bacteroidaceae","Prevotella","Prevotella sp002251385","s__Prevotella sp002251385"
"MAG051","Bacteria","Bacillota_I","Bacilli_A","Erysipelotrichales","Erysipelotrichaceae","Bulleidia",NA,"g__Bulleidia"
"MAG052","Bacteria","Bacillota_A","Clostridia","Oscillospirales","Oscillospiraceae","Faecousia",NA,"g__Faecousia"
"MAG053","Bacteria","Bacillota_A","Clostridia","Oscillospirales","Ruminococcaceae","Gemmiger","Gemmiger formicilis","s__Gemmiger formicilis"
"MAG054","Bacteria","Bacillota_A","Clostridia","Lachnospirales","Lachnospiraceae","Anthropogastromicrobium",NA,"g__Anthropogastromicrobium"
"MAG055","Bacteria","Bacillota_A","Clostridia","Lachnospirales","Lachnospiraceae","Agathobacter","Agathobacter sp900549895","s__Agathobacter sp900549895"
"MAG056","Bacteria","Bacillota_A","Clostridia","Oscillospirales","Acutalibacteraceae","Eubacterium_R","Eubacterium_R sp945982035","s__Eubacterium_R sp945982035"
"MAG057","Bacteria","Bacillota_A","Clostridia","Lachnospirales","Lachnospiraceae","Blautia_A","Blautia_A sp945864225","s__Blautia_A sp945864225"
"MAG058","Bacteria","Bacillota","Bacilli","Lactobacillales","Lactobacillaceae","Lactobacillus","Lactobacillus sp945980025","s__Lactobacillus sp945980025"
"MAG059","Bacteria","Bacillota","Bacilli","Lactobacillales","Lactobacillaceae","Limosilactobacillus","Limosilactobacillus sp002299975","s__Limosilactobacillus sp002299975"
"MAG060","Bacteria","Bacillota_C","Negativicutes","Acidaminococcales","Acidaminococcaceae","Phascolarctobacterium_A","Phascolarctobacterium_A succinatutens","s__Phascolarctobacterium_A succinatutens"
"MAG061","Bacteria","Bacteroidota","Bacteroidia","Bacteroidales","Muribaculaceae","Sodaliphilus","Sodaliphilus sp004557565","s__Sodaliphilus sp004557565"
"MAG062","Bacteria","Bacillota_A","Clostridia","Lachnospirales","Lachnospiraceae","UBA629","UBA629 sp900316625","s__UBA629 sp900316625"
"MAG063","Bacteria","Bacillota_A","Clostridia","Lachnospirales","Lachnospiraceae","Blautia_A","Blautia_A sp018919065","s__Blautia_A sp018919065"
"MAG064","Bacteria","Bacillota_A","Clostridia","Lachnospirales","Lachnospiraceae","Porcincola","Porcincola sp900555005","s__Porcincola sp900555005"
"MAG065","Bacteria","Bacillota_A","Clostridia","Lachnospirales","Lachnospiraceae","Coprococcus","Coprococcus sp000433075","s__Coprococcus sp000433075"
"MAG066","Bacteria","Actinomycetota","Coriobacteriia","Coriobacteriales","Coriobacteriaceae","Collinsella","Collinsella sp002391315","s__Collinsella sp002391315"
"MAG067","Bacteria","Actinomycetota","Actinomycetes","Actinomycetales","Bifidobacteriaceae","Bifidobacterium","Bifidobacterium pseudolongum","s__Bifidobacterium pseudolongum"
"MAG068","Bacteria","Bacillota_C","Negativicutes","Veillonellales","Veillonellaceae","Veillonella","Veillonella caviae","s__Veillonella caviae"
"MAG069","Bacteria","Bacillota_A","Clostridia","Oscillospirales","Butyricicoccaceae","Butyricicoccus_A","Butyricicoccus_A intestinisimiae","s__Butyricicoccus_A intestinisimiae"
"MAG070","Bacteria","Bacillota_A","Clostridia","Lachnospirales","Lachnospiraceae","Blautia_A","Blautia_A sp900066205","s__Blautia_A sp900066205"
"MAG071","Bacteria","Bacillota_A","Clostridia","Oscillospirales","Oscillospiraceae","Dysosmobacter","Dysosmobacter sp022778785","s__Dysosmobacter sp022778785"
"MAG072","Bacteria","Bacillota_I","Bacilli_A","RFN20","CAG-826","Onthovivens","Onthovivens sp029098125","s__Onthovivens sp029098125"
"MAG073","Bacteria","Bacillota_A","Clostridia","Oscillospirales","Ruminococcaceae","Ruminococcus_C","Ruminococcus_C callidus","s__Ruminococcus_C callidus"
"MAG074","Bacteria","Bacillota_I","Bacilli_A","Erysipelotrichales","Erysipelotrichaceae","Bulleidia",NA,"g__Bulleidia"
"MAG075","Bacteria","Bacillota_A","Clostridia","Lachnospirales","Lachnospiraceae","Anaerobutyricum","Anaerobutyricum soehngenii","s__Anaerobutyricum soehngenii"
"MAG076","Bacteria","Bacillota_A","Clostridia","Lachnospirales","Lachnospiraceae","Acetatifactor","Acetatifactor intestinalis","s__Acetatifactor intestinalis"
"MAG077","Bacteria","Bacillota_A","Clostridia","Oscillospirales","Acutalibacteraceae","Eubacterium_R","Eubacterium_R sp900543795","s__Eubacterium_R sp900543795"
"MAG078","Bacteria","Bacillota_A","Clostridia","Lachnospirales","Lachnospiraceae","Roseburia_A","Roseburia_A porci","s__Roseburia_A porci"
"MAG079","Bacteria","Bacteroidota","Bacteroidia","Bacteroidales","Bacteroidaceae","Prevotella","Prevotella pectinovora","s__Prevotella pectinovora"
"MAG080","Bacteria","Bacillota_A","Clostridia","Oscillospirales","Ruminococcaceae","SFIE01","SFIE01 sp004555405","s__SFIE01 sp004555405"
"MAG081","Bacteria","Bacteroidota","Bacteroidia","Bacteroidales","Bacteroidaceae","Prevotella","Prevotella absiana","s__Prevotella absiana"
"MAG082","Bacteria","Bacteroidota","Bacteroidia","Bacteroidales","Bacteroidaceae","Prevotella","Prevotella sp004558865","s__Prevotella sp004558865"
"MAG083","Bacteria","Bacillota_A","Clostridia","Christensenellales","Aristaeellaceae","Ventricola","Ventricola sp900542445","s__Ventricola sp900542445"
"MAG084","Bacteria","Bacillota_A","Clostridia","Oscillospirales","Ruminococcaceae","Ruthenibacterium",NA,"g__Ruthenibacterium"
"MAG085","Bacteria","Bacillota_A","Clostridia","Oscillospirales","Oscillospiraceae","Faecousia",NA,"g__Faecousia"
"MAG086","Bacteria","Bacillota","Bacilli","MOL361","Turicibacteraceae","Turicibacter","Turicibacter bilis","s__Turicibacter bilis"
"MAG087","Bacteria","Bacteroidota","Bacteroidia","Bacteroidales","Bacteroidaceae","Alloprevotella","Alloprevotella sp004555425","s__Alloprevotella sp004555425"
"MAG088","Bacteria","Bacteroidota","Bacteroidia","Bacteroidales","UBA932","Cryptobacteroides","Cryptobacteroides sp000434935","s__Cryptobacteroides sp000434935"
"MAG089","Bacteria","Bacillota_A","Clostridia","Lachnospirales","Lachnospiraceae","Mediterraneibacter","Mediterraneibacter faecis","s__Mediterraneibacter faecis"
"MAG090","Bacteria","Bacillota_A","Clostridia","Lachnospirales","Lachnospiraceae","Blautia_A","Blautia_A sp022764275","s__Blautia_A sp022764275"
"MAG091","Bacteria","Bacillota_A","Clostridia","TANB77","CAG-508","CAG-269","CAG-269 sp900552555","s__CAG-269 sp900552555"
"MAG092","Bacteria","Bacillota_A","Clostridia","TANB77","CAG-508","CAG-245","CAG-245 sp945946655","s__CAG-245 sp945946655"
"MAG093","Bacteria","Bacillota_C","Negativicutes","Acidaminococcales","Acidaminococcaceae","Acidaminococcus","Acidaminococcus fermentans","s__Acidaminococcus fermentans"
"MAG094","Bacteria","Bacillota_A","Clostridia","Lachnospirales","Lachnospiraceae","Agathobacter","Agathobacter sp900549895","s__Agathobacter sp900549895"
"MAG095","Bacteria","Actinomycetota","Coriobacteriia","Coriobacteriales","UMGS124","UMGS124","UMGS124 sp900555105","s__UMGS124 sp900555105"
"MAG096","Bacteria","Bacillota_C","Negativicutes","Selenomonadales","Selenomonadaceae","Mitsuokella","Mitsuokella sp029338835","s__Mitsuokella sp029338835"
"MAG097","Bacteria","Bacillota","Bacilli","Lactobacillales","Lactobacillaceae","Ligilactobacillus","Ligilactobacillus salivarius","s__Ligilactobacillus salivarius"
"MAG098","Bacteria","Bacillota_A","Clostridia","Lachnospirales","Lachnospiraceae","Blautia_A",NA,"g__Blautia_A"
"MAG099","Bacteria","Bacillota_A","Clostridia","Oscillospirales","Oscillospiraceae","HGM13010","HGM13010 sp022779345","s__HGM13010 sp022779345"
"MAG100","Bacteria","Bacillota_A","Clostridia","Lachnospirales","Lachnospiraceae","Bariatricus","Bariatricus sp004560705","s__Bariatricus sp004560705"
"MAG101","Bacteria","Bacillota_A","Clostridia","Lachnospirales","Lachnospiraceae","JALFVM01",NA,"g__JALFVM01"
"MAG102","Bacteria","Bacillota_A","Clostridia","Lachnospirales","Lachnospiraceae","CAG-303",NA,"g__CAG-303"
"MAG103","Bacteria","Bacillota_A","Clostridia","Clostridiales","Clostridiaceae","Clostridium","Clostridium sp900543325","s__Clostridium sp900543325"
"MAG104","Bacteria","Bacillota","Bacilli","Lactobacillales","Lactobacillaceae","Limosilactobacillus","Limosilactobacillus reuteri","s__Limosilactobacillus reuteri"
"MAG105","Bacteria","Bacteroidota","Bacteroidia","Bacteroidales","Bacteroidaceae","Prevotella","Prevotella sp000436035","s__Prevotella sp000436035"
"MAG106","Bacteria","Bacillota_A","Clostridia","Lachnospirales","Lachnospiraceae","Agathobacter",NA,"g__Agathobacter"
"MAG107","Bacteria","Bacillota_A","Clostridia","Lachnospirales","Lachnospiraceae","Agathobacter","Agathobacter sp900548765","s__Agathobacter sp900548765"
"MAG108","Bacteria","Bacillota_A","Clostridia","Lachnospirales","Lachnospiraceae","Bilifractor","Bilifractor porci","s__Bilifractor porci"
"MAG109","Bacteria","Bacillota_A","Clostridia","Peptostreptococcales","Anaerovoracaceae","Eubacterium_T","Eubacterium_T pyruvativorans","s__Eubacterium_T pyruvativorans"
"MAG110","Bacteria","Bacteroidota","Bacteroidia","Bacteroidales","Bacteroidaceae","Prevotella","Prevotella sp900315635","s__Prevotella sp900315635"
"MAG111","Bacteria","Bacillota_A","Clostridia","Oscillospirales","Oscillospiraceae","Lawsonibacter","Lawsonibacter sp900549405","s__Lawsonibacter sp900549405"
"MAG112","Bacteria","Bacillota_A","Clostridia","Lachnospirales","Lachnospiraceae","Anaerobutyricum","Anaerobutyricum sp022764265","s__Anaerobutyricum sp022764265"
"MAG113","Bacteria","Bacillota_A","Clostridia","Oscillospirales","Acutalibacteraceae","Ruminococcus_E","Ruminococcus_E sp029218825","s__Ruminococcus_E sp029218825"
"MAG114","Bacteria","Bacillota_A","Clostridia","Lachnospirales","Lachnospiraceae","Choladousia","Choladousia sp022776305","s__Choladousia sp022776305"
"MAG115","Bacteria","Bacillota_A","Clostridia","Lachnospirales","Lachnospiraceae","Choladousia","Choladousia sp029225065","s__Choladousia sp029225065"
"MAG116","Bacteria","Bacillota_A","Clostridia","Lachnospirales","Lachnospiraceae","Butyrivibrio_A","Butyrivibrio_A sp900771195","s__Butyrivibrio_A sp900771195"
"MAG117","Bacteria","Bacillota_A","Clostridia","Lachnospirales","Lachnospiraceae","Agathobacter","Agathobacter sp900550545","s__Agathobacter sp900550545"
"MAG118","Bacteria","Bacillota_A","Clostridia","Oscillospirales","Acutalibacteraceae","Hominenteromicrobium","Hominenteromicrobium mulieris","s__Hominenteromicrobium mulieris"
"MAG119","Bacteria","Bacillota_A","Clostridia","TANB77","CAG-508","CAG-269","CAG-269 sp934121905","s__CAG-269 sp934121905"
"MAG120","Bacteria","Bacillota_I","Bacilli_A","RF39","UBA660","CAG-605","CAG-605 sp000433475","s__CAG-605 sp000433475"
"MAG121","Bacteria","Bacillota_A","Clostridia","TANB77","CAG-508","CAG-793","CAG-793 sp934130085","s__CAG-793 sp934130085"
"MAG122","Bacteria","Bacteroidota","Bacteroidia","Bacteroidales","Bacteroidaceae","Prevotella","Prevotella sp900546535","s__Prevotella sp900546535"
"MAG123","Bacteria","Bacillota_A","Clostridia","Oscillospirales","Butyricicoccaceae","Butyricicoccus_A","Butyricicoccus_A porcorum","s__Butyricicoccus_A porcorum"
"MAG124","Bacteria","Bacillota_A","Clostridia","Oscillospirales","Ruminococcaceae","Gemmiger","Gemmiger sp900554145","s__Gemmiger sp900554145"
"MAG125","Bacteria","Bacillota_A","Clostridia","Oscillospirales","Oscillospiraceae","Faecousia","Faecousia sp016302405","s__Faecousia sp016302405"
"MAG126","Bacteria","Bacillota_I","Bacilli_A","Erysipelotrichales","Erysipelotrichaceae","Floccifex","Floccifex porci","s__Floccifex porci"
"MAG127","Bacteria","Bacillota_A","Clostridia","Oscillospirales","Acutalibacteraceae","Ruminococcus_E","Ruminococcus_E sp019415925","s__Ruminococcus_E sp019415925"
"MAG128","Bacteria","Bacillota_A","Clostridia","Lachnospirales","Lachnospiraceae","Agathobacter","Agathobacter sp945949045","s__Agathobacter sp945949045"
"MAG129","Bacteria","Patescibacteria","Saccharimonadia","Saccharimonadales","Nanosyncoccaceae","UBA2834","UBA2834 sp004561445","s__UBA2834 sp004561445"
"MAG130","Bacteria","Bacillota_A","Clostridia","Lachnospirales","Lachnospiraceae","Anthropogastromicrobium","Anthropogastromicrobium aceti","s__Anthropogastromicrobium aceti"
"MAG131","Bacteria","Bacillota_C","Negativicutes","Selenomonadales","Selenomonadaceae","Anaerovibrio","Anaerovibrio sp016302095","s__Anaerovibrio sp016302095"
"MAG132","Bacteria","Bacillota_A","Clostridia","Oscillospirales","Acutalibacteraceae","Eubacterium_R","Eubacterium_R sp900542875","s__Eubacterium_R sp900542875"
"MAG133","Bacteria","Bacillota_A","Clostridia","Oscillospirales","Ruminococcaceae","Faecalibacterium","Faecalibacterium longum","s__Faecalibacterium longum"
"MAG134","Bacteria","Bacillota_A","Clostridia","Lachnospirales","Lachnospiraceae","Oliverpabstia","Oliverpabstia intestinalis","s__Oliverpabstia intestinalis"
"MAG135","Bacteria","Bacillota_A","Clostridia","Lachnospirales","Lachnospiraceae","Coprococcus_A","Coprococcus_A catus_A","s__Coprococcus_A catus_A"
"MAG136","Bacteria","Bacteroidota","Bacteroidia","Bacteroidales","Bacteroidaceae","Prevotella","Prevotella sp945863825","s__Prevotella sp945863825"
"MAG137","Bacteria","Bacillota_A","Clostridia","Oscillospirales","Ruminococcaceae","Gemmiger","Gemmiger sp004561545","s__Gemmiger sp004561545"
"MAG138","Bacteria","Bacillota_A","Clostridia","Oscillospirales","Ruminococcaceae","JAFBIO01","JAFBIO01 sp021531255","s__JAFBIO01 sp021531255"
"MAG139","Bacteria","Bacillota_A","Clostridia","Clostridiales","Clostridiaceae","Clostridium","Clostridium sp900543325","s__Clostridium sp900543325"
"MAG140","Bacteria","Bacillota_A","Clostridia","Oscillospirales","Oscillospiraceae","UMGS1766","UMGS1766 sp900554855","s__UMGS1766 sp900554855"
"MAG141","Bacteria","Bacillota_A","Clostridia","Oscillospirales","Ruminococcaceae","Ruminococcus_C","Ruminococcus_C sp000433635","s__Ruminococcus_C sp000433635"
"MAG142","Bacteria","Bacillota_C","Negativicutes","Selenomonadales","Selenomonadaceae","Anaerovibrio","Anaerovibrio sp900548165","s__Anaerovibrio sp900548165"
"MAG143","Bacteria","Bacillota_A","Clostridia","Oscillospirales","Acutalibacteraceae","Eubacterium_R","Eubacterium_R sp945876745","s__Eubacterium_R sp945876745"
"MAG144","Bacteria","Bacillota","Bacilli","Lactobacillales","Lactobacillaceae","Lactobacillus","Lactobacillus amylovorus","s__Lactobacillus amylovorus"
"MAG145","Bacteria","Bacillota_I","Bacilli_A","Erysipelotrichales","Erysipelotrichaceae","Bulleidia","Bulleidia sp900539965","s__Bulleidia sp900539965"
"MAG146","Bacteria","Bacillota_A","Clostridia","Lachnospirales","Lachnospiraceae","Lachnospira",NA,"g__Lachnospira"
"MAG147","Bacteria","Bacillota_A","Clostridia","Clostridiales","Clostridiaceae","Clostridium","Clostridium sp000435835","s__Clostridium sp000435835"
"MAG148","Bacteria","Bacillota_A","Clostridia","TANB77","CAG-508","CAG-245","CAG-245 sp934169535","s__CAG-245 sp934169535"
"MAG149","Archaea","Methanobacteriota","Methanobacteria","Methanobacteriales","Methanobacteriaceae","Methanosphaera","Methanosphaera sp900322125","s__Methanosphaera sp900322125"
"MAG150","Bacteria","Bacteroidota","Bacteroidia","Bacteroidales","Bacteroidaceae","UBA6398","UBA6398 sp003150315","s__UBA6398 sp003150315"
"MAG151","Bacteria","Bacteroidota","Bacteroidia","Bacteroidales","UBA932","Cryptobacteroides","Cryptobacteroides sp900546925","s__Cryptobacteroides sp900546925"
"MAG152","Bacteria","Bacillota_I","Bacilli_A","Erysipelotrichales","Erysipelotrichaceae","UBA636","UBA636 sp002299675","s__UBA636 sp002299675"
"MAG153","Bacteria","Bacteroidota","Bacteroidia","Bacteroidales","Bacteroidaceae","Prevotella","Prevotella sp900552515","s__Prevotella sp900552515"
"MAG154","Bacteria","Bacillota_A","Clostridia","Lachnospirales","Lachnospiraceae","Agathobacter","Agathobacter sp022775045","s__Agathobacter sp022775045"
"MAG155","Bacteria","Bacillota_A","Clostridia","Lachnospirales","Lachnospiraceae","UBA11957","UBA11957 sp016301965","s__UBA11957 sp016301965"
"MAG156","Bacteria","Bacillota_B","Peptococcia","Peptococcales","Peptococcaceae","UMGS1590","UMGS1590 sp900759105","s__UMGS1590 sp900759105"
"MAG157","Bacteria","Bacillota_A","Clostridia","Oscillospirales","Ruminococcaceae","Faecalibacterium","Faecalibacterium prausnitzii_F","s__Faecalibacterium prausnitzii_F"
"MAG158","Bacteria","Pseudomonadota","Gammaproteobacteria","Enterobacterales","Enterobacteriaceae","Escherichia","Escherichia coli","s__Escherichia coli"
"MAG159","Bacteria","Bacteroidota","Bacteroidia","Bacteroidales","Bacteroidaceae","Prevotella","Prevotella copri_A","s__Prevotella copri_A"
"MAG160","Bacteria","Bacillota_C","Negativicutes","Veillonellales","Dialisteraceae","Dialister","Dialister sp000434475","s__Dialister sp000434475"
"MAG161","Bacteria","Bacillota_I","Bacilli_A","RFN20","CAG-288","Enterosoma","Enterosoma sp022774485","s__Enterosoma sp022774485"
"MAG162","Bacteria","Bacillota_A","Clostridia","Oscillospirales","Ruminococcaceae","Gemmiger","Gemmiger sp900554145","s__Gemmiger sp900554145"
"MAG163","Bacteria","Actinomycetota","Coriobacteriia","Coriobacteriales","Atopobiaceae","UBA7748","UBA7748 sp900314535","s__UBA7748 sp900314535"
"MAG164","Bacteria","Bacteroidota","Bacteroidia","Bacteroidales","Bacteroidaceae","Prevotella","Prevotella sp900544495","s__Prevotella sp900544495"
"MAG165","Bacteria","Bacillota_A","Clostridia","Peptostreptococcales","Anaerovoracaceae","Eubacterium_T","Eubacterium_T saphenum_A","s__Eubacterium_T saphenum_A"
"MAG166","Bacteria","Bacillota_A","Clostridia","Oscillospirales","Ruminococcaceae","Faecalibacterium","Faecalibacterium prausnitzii_E","s__Faecalibacterium prausnitzii_E"
"MAG167","Bacteria","Bacteroidota","Bacteroidia","Bacteroidales","Bacteroidaceae","Prevotella","Prevotella sp945869265","s__Prevotella sp945869265"
"MAG168","Bacteria","Bacillota_A","Clostridia","Lachnospirales","Lachnospiraceae","Blautia_A","Blautia_A fusiformis","s__Blautia_A fusiformis"
"MAG169","Bacteria","Bacillota_I","Bacilli_A","Erysipelotrichales","Erysipelotrichaceae","Bulleidia","Bulleidia intestinalis","s__Bulleidia intestinalis"
"MAG170","Bacteria","Bacillota_I","Bacilli_A","RFN20","CAG-288","Enterosoma","Enterosoma sp900549915","s__Enterosoma sp900549915"
"MAG171","Bacteria","Bacillota_A","Clostridia","Lachnospirales","Lachnospiraceae","Blautia_A","Blautia_A sp028722515","s__Blautia_A sp028722515"
"MAG172","Bacteria","Bacteroidota","Bacteroidia","Bacteroidales","Bacteroidaceae","Prevotella","Prevotella copri","s__Prevotella copri"
"MAG173","Bacteria","Bacillota_A","Clostridia","Lachnospirales","Lachnospiraceae","Agathobacter","Agathobacter sp900317585","s__Agathobacter sp900317585"
"MAG174","Bacteria","Actinomycetota","Coriobacteriia","Coriobacteriales","QAMH01","W2P13-069",NA,"g__W2P13-069"
"MAG175","Bacteria","Bacillota_A","Clostridia","Oscillospirales","Acutalibacteraceae","Eubacterium_R","Eubacterium_R sp945980015","s__Eubacterium_R sp945980015"
"MAG176","Bacteria","Bacillota_A","Clostridia","TANB77","CAG-465","CAG-465","CAG-465 sp934130595","s__CAG-465 sp934130595"
"MAG177","Bacteria","Bacillota_A","Clostridia","Oscillospirales","Butyricicoccaceae","Butyricicoccus_A","Butyricicoccus_A sp945872165","s__Butyricicoccus_A sp945872165"
"MAG178","Bacteria","Bacillota_A","Clostridia","TANB77","CAG-508","UMGS1994","UMGS1994 sp900556975","s__UMGS1994 sp900556975"
"MAG179","Bacteria","Bacillota_I","Bacilli_A","RF39","UBA660","UBA3789","UBA3789 sp900543055","s__UBA3789 sp900543055"
"MAG180","Bacteria","Bacillota","Bacilli","Lactobacillales","Enterococcaceae","Enterococcus_B","Enterococcus_B hirae","s__Enterococcus_B hirae"
"MAG181","Bacteria","Bacillota_A","Clostridia","Lachnospirales","Lachnospiraceae","Muricoprocola","Muricoprocola aceti","s__Muricoprocola aceti"
"MAG182","Bacteria","Bacillota_A","Clostridia","Lachnospirales","Lachnospiraceae","Blautia_A","Blautia_A obeum","s__Blautia_A obeum"
"MAG183","Bacteria","Bacteroidota","Bacteroidia","Bacteroidales","Bacteroidaceae","Prevotella","Prevotella sp900315635","s__Prevotella sp900315635"
"MAG184","Bacteria","Bacillota_A","Clostridia","Oscillospirales","Butyricicoccaceae","Butyricicoccus_A","Butyricicoccus_A porcorum","s__Butyricicoccus_A porcorum"
"MAG185","Bacteria","Bacillota_A","Clostridia","Lachnospirales","Lachnospiraceae","Lachnospira","Lachnospira sp945946665","s__Lachnospira sp945946665"
"MAG186","Archaea","Methanobacteriota","Methanobacteria","Methanobacteriales","Methanobacteriaceae","Methanosphaera","Methanosphaera sp022768985","s__Methanosphaera sp022768985"
"MAG187","Bacteria","Bacteroidota","Bacteroidia","Bacteroidales","Bacteroidaceae","UBA4372","UBA4372 sp900766785","s__UBA4372 sp900766785"
"MAG188","Bacteria","Bacillota_A","Clostridia","Oscillospirales","Oscillospiraceae","Faecousia","Faecousia sp017622995","s__Faecousia sp017622995"
"MAG189","Bacteria","Bacteroidota","Bacteroidia","Bacteroidales","Bacteroidaceae","Prevotella","Prevotella sp002251295","s__Prevotella sp002251295"
"MAG190","Bacteria","Bacillota_A","Clostridia","Lachnospirales","Lachnospiraceae","Pararoseburia","Pararoseburia lenta","s__Pararoseburia lenta"
"MAG191","Bacteria","Bacillota_I","Bacilli_A","Erysipelotrichales","Erysipelotrichaceae","Holdemanella","Holdemanella porci","s__Holdemanella porci"
"MAG192","Bacteria","Bacillota_A","Clostridia","Oscillospirales","Ruminococcaceae","Gemmiger","Gemmiger variabilis_A","s__Gemmiger variabilis_A"
"MAG193","Bacteria","Bacillota_A","Clostridia","Lachnospirales","Lachnospiraceae","CAKQHB01",NA,"g__CAKQHB01"
"MAG194","Bacteria","Bacillota_A","Clostridia","Oscillospirales","Ruminococcaceae","SFJ001","SFJ001 sp004555865","s__SFJ001 sp004555865"
"MAG195","Bacteria","Bacillota_A","Clostridia","Lachnospirales","Lachnospiraceae","Dorea_A","Dorea_A longicatena","s__Dorea_A longicatena"
"MAG196","Bacteria","Bacillota_A","Clostridia","Lachnospirales","Lachnospiraceae","Agathobacter","Agathobacter sp900549895","s__Agathobacter sp900549895"
"MAG197","Bacteria","Bacillota_A","Clostridia","TANB77","CAG-508","CAG-269","CAG-269 sp900555615","s__CAG-269 sp900555615"
"MAG198","Bacteria","Bacillota_A","Clostridia","TANB77","CAG-508","CAG-269","CAG-269 sp934129785","s__CAG-269 sp934129785"
"MAG199","Bacteria","Bacillota_A","Clostridia","Lachnospirales","Lachnospiraceae","Agathobacter","Agathobacter sp022772675","s__Agathobacter sp022772675"
"MAG200","Bacteria","Bacillota_I","Bacilli_A","RF39","UBA660","Coprosoma","Coprosoma sp934183155","s__Coprosoma sp934183155"
"MAG201","Bacteria","Bacillota_I","Bacilli_A","RF39","UBA660","Aphodocola","Aphodocola sp000434835","s__Aphodocola sp000434835"
"MAG202","Bacteria","Bacillota","Bacilli","Lactobacillales","Lactobacillaceae","Limosilactobacillus","Limosilactobacillus mucosae","s__Limosilactobacillus mucosae"
"MAG203","Bacteria","Bacillota_A","Clostridia","Lachnospirales","Lachnospiraceae","Fusicatenibacter",NA,"g__Fusicatenibacter"
"MAG204","Bacteria","Bacillota_A","Clostridia","Oscillospirales","Ruminococcaceae","Faecalibacterium","Faecalibacterium sp900539885","s__Faecalibacterium sp900539885"
"MAG205","Bacteria","Bacillota_A","Clostridia","Oscillospirales","Oscillospiraceae","Faecousia","Faecousia sp022786995","s__Faecousia sp022786995"
"MAG206","Bacteria","Bacillota_A","Clostridia","Oscillospirales","Ruminococcaceae","Gemmiger","Gemmiger formicilis","s__Gemmiger formicilis"
"MAG207","Bacteria","Bacillota_A","Clostridia","Lachnospirales","Lachnospiraceae","Agathobacter","Agathobacter sp022767075","s__Agathobacter sp022767075"
"MAG208","Bacteria","Bacillota_A","Clostridia","Oscillospirales","Acutalibacteraceae","Ruminococcus_E",NA,"g__Ruminococcus_E"
"MAG209","Bacteria","Bacillota_A","Clostridia","TANB77","CAG-508","CAG-245","CAG-245 sp946008205","s__CAG-245 sp946008205"
"MAG210","Bacteria","Bacillota_A","Clostridia","Lachnospirales","Lachnospiraceae","Blautia_A","Blautia_A sp900066205","s__Blautia_A sp900066205"
"MAG211","Bacteria","Pseudomonadota","Gammaproteobacteria","Burkholderiales","Burkholderiaceae","Duodenibacillus","Duodenibacillus sp900762555","s__Duodenibacillus sp900762555"
"MAG212","Bacteria","Bacillota_A","Clostridia","TANB77","CAG-508","Scatovivens","Scatovivens sp934182465","s__Scatovivens sp934182465"
"MAG213","Bacteria","Bacillota_A","Clostridia","Lachnospirales","Lachnospiraceae","Blautia_A","Blautia_A sp029101305","s__Blautia_A sp029101305"
"MAG214","Bacteria","Bacillota_A","Clostridia","Lachnospirales","Lachnospiraceae","Blautia_A","Blautia_A sp900066355","s__Blautia_A sp900066355"
"MAG215","Bacteria","Bacillota_A","Clostridia","Oscillospirales","Oscillospiraceae","Dysosmobacter","Dysosmobacter sp945864305","s__Dysosmobacter sp945864305"
"MAG216","Bacteria","Bacillota_A","Clostridia","Lachnospirales","Lachnospiraceae","Dorea","Dorea formicigenerans","s__Dorea formicigenerans"
"MAG217","Bacteria","Bacillota_A","Clostridia","Lachnospirales","Lachnospiraceae","Bariatricus","Bariatricus comes","s__Bariatricus comes"
"MAG218","Bacteria","Actinomycetota","Coriobacteriia","Coriobacteriales","Atopobiaceae","Parolsenella","Parolsenella catena","s__Parolsenella catena"
"MAG219","Bacteria","Actinomycetota","Coriobacteriia","Coriobacteriales","Atopobiaceae","CAKVON01","CAKVON01 sp902475665","s__CAKVON01 sp902475665"
"MAG220","Bacteria","Bacillota_I","Bacilli_A","RFN20","CAG-826","Onthovivens","Onthovivens sp016302065","s__Onthovivens sp016302065"
"MAG221","Bacteria","Bacillota_A","Clostridia","Oscillospirales","Acutalibacteraceae","Ruminococcus_E","Ruminococcus_E sp945949625","s__Ruminococcus_E sp945949625"
"MAG222","Bacteria","Bacillota_I","Bacilli_A","RF39","UBA660","CAG-605","CAG-605 sp900545005","s__CAG-605 sp900545005"
"MAG223","Bacteria","Bacillota_A","Clostridia","TANB77","CAG-508","CAG-269","CAG-269 sp934122085","s__CAG-269 sp934122085"
"MAG224","Bacteria","Bacteroidota","Bacteroidia","Bacteroidales","Bacteroidaceae","Prevotella","Prevotella faecis","s__Prevotella faecis"
"MAG225","Bacteria","Bacteroidota","Bacteroidia","Bacteroidales","UBA932","Cryptobacteroides","Cryptobacteroides sp004552115","s__Cryptobacteroides sp004552115"
"MAG226","Bacteria","Pseudomonadota","Gammaproteobacteria","Burkholderiales","Burkholderiaceae","Mesosutterella","Mesosutterella sp902797695","s__Mesosutterella sp902797695"
"MAG227","Bacteria","Bacillota_A","Clostridia","Lachnospirales","Lachnospiraceae","Hominiventricola","Hominiventricola sp003480725","s__Hominiventricola sp003480725"
"MAG228","Bacteria","Bacillota_A","Clostridia","Oscillospirales","Oscillospiraceae","UMGS1766","UMGS1766 sp900554855","s__UMGS1766 sp900554855"
"MAG229","Bacteria","Bacillota_C","Negativicutes","Selenomonadales","Selenomonadaceae","Selenomonas_C","Selenomonas_C bovis","s__Selenomonas_C bovis"
"MAG230","Bacteria","Bacteroidota","Bacteroidia","Bacteroidales","Bacteroidaceae","Prevotella","Prevotella sp900543975","s__Prevotella sp900543975"
"MAG231","Bacteria","Bacillota_A","Clostridia","Oscillospirales","Ruminococcaceae","Faecalibacterium","Faecalibacterium prausnitzii_M","s__Faecalibacterium prausnitzii_M"
"MAG232","Bacteria","Bacillota_I","Bacilli_A","Erysipelotrichales","Erysipelotrichaceae","Bulleidia",NA,"g__Bulleidia"
"MAG233","Bacteria","Campylobacterota","Campylobacteria","Campylobacterales","Campylobacteraceae","Campylobacter","Campylobacter sp945873855","s__Campylobacter sp945873855"
"MAG234","Bacteria","Bacillota","Bacilli","Lactobacillales","Lactobacillaceae","Lactobacillus","Lactobacillus delbrueckii_B","s__Lactobacillus delbrueckii_B"
"MAG235","Bacteria","Bacillota_A","Clostridia","Oscillospirales","Oscillospiraceae","Faecousia",NA,"g__Faecousia"
"MAG236","Bacteria","Bacillota_C","Negativicutes","Acidaminococcales","Acidaminococcaceae","Phascolarctobacterium_A","Phascolarctobacterium_A sp946002345","s__Phascolarctobacterium_A sp946002345"
"MAG237","Bacteria","Bacillota_A","Clostridia","Oscillospirales","Ruminococcaceae","Faecalibacterium","Faecalibacterium sp003449675","s__Faecalibacterium sp003449675"
"MAG238","Bacteria","Actinomycetota","Coriobacteriia","Coriobacteriales","Coriobacteriaceae","Collinsella","Collinsella bouchesdurhonensis","s__Collinsella bouchesdurhonensis"
"MAG239","Bacteria","Bacillota_I","Bacilli_A","Erysipelotrichales","Erysipelotrichaceae","Absicoccus","Absicoccus porci","s__Absicoccus porci"
"MAG240","Bacteria","Bacillota_A","Clostridia","Lachnospirales","Lachnospiraceae","Agathobacter",NA,"g__Agathobacter"
"MAG241","Bacteria","Bacillota_A","Clostridia","Lachnospirales","Lachnospiraceae","Agathobacter","Agathobacter sp000434275","s__Agathobacter sp000434275"
"MAG242","Bacteria","Bacteroidota","Bacteroidia","Bacteroidales","Bacteroidaceae","Prevotella","Prevotella sp900319905","s__Prevotella sp900319905"
"MAG243","Bacteria","Actinomycetota","Actinomycetes","Actinomycetales","Bifidobacteriaceae","Bifidobacterium","Bifidobacterium pseudocatenulatum","s__Bifidobacterium pseudocatenulatum"
"MAG244","Bacteria","Bacillota_A","Clostridia","Oscillospirales","Acutalibacteraceae","Eubacterium_R","Eubacterium_R sp945874765","s__Eubacterium_R sp945874765"
"MAG245","Bacteria","Bacillota_A","Clostridia","Oscillospirales","Acutalibacteraceae","Ruminococcus_E","Ruminococcus_E bovis","s__Ruminococcus_E bovis"
"MAG246","Bacteria","Bacillota_A","Clostridia","Lachnospirales","Lachnospiraceae","UBA11957","UBA11957 sp945827805","s__UBA11957 sp945827805"
"MAG247","Bacteria","Actinomycetota","Coriobacteriia","Coriobacteriales","Eggerthellaceae","Ellagibacter","Ellagibacter isourolithinifaciens","s__Ellagibacter isourolithinifaciens"
"MAG248","Bacteria","Bacillota_A","Clostridia","Oscillospirales","Acutalibacteraceae","Fimenecus","Fimenecus sp004556705","s__Fimenecus sp004556705"
"MAG249","Bacteria","Bacillota_A","Clostridia","TANB77","CAG-508","CAG-269","CAG-269 sp900551615","s__CAG-269 sp900551615"
"MAG250","Bacteria","Bacteroidota","Bacteroidia","Bacteroidales","Bacteroidaceae","Prevotella","Prevotella sp900317685","s__Prevotella sp900317685"
"MAG251","Bacteria","Actinomycetota","Coriobacteriia","Coriobacteriales","Atopobiaceae","UBA7741","UBA7741 sp900314575","s__UBA7741 sp900314575"
"MAG252","Bacteria","Bacillota_A","Clostridia","Lachnospirales","Lachnospiraceae","Eubacterium_I","Eubacterium_I sp022781925","s__Eubacterium_I sp022781925"
"MAG253","Bacteria","Bacillota_A","Clostridia","Oscillospirales","Ruminococcaceae","Faecalibacterium","Faecalibacterium prausnitzii_D","s__Faecalibacterium prausnitzii_D"
"MAG254","Bacteria","Bacillota_A","Clostridia","Oscillospirales","Oscillospiraceae","Lawsonibacter","Lawsonibacter sp000177015","s__Lawsonibacter sp000177015"
"MAG255","Bacteria","Bacillota_A","Clostridia","Oscillospirales","Butyricicoccaceae","Butyricicoccus","Butyricicoccus sp004552245","s__Butyricicoccus sp004552245"
"MAG256","Bacteria","Bacillota_A","Clostridia","Lachnospirales","Lachnospiraceae","Oliverpabstia",NA,"g__Oliverpabstia"
"MAG257","Bacteria","Bacteroidota","Bacteroidia","Bacteroidales","Bacteroidaceae","Prevotella","Prevotella sp905198745","s__Prevotella sp905198745"
"MAG258","Bacteria","Bacillota_A","Clostridia","Lachnospirales","Lachnospiraceae","Fusicatenibacter","Fusicatenibacter saccharivorans","s__Fusicatenibacter saccharivorans"
"MAG259","Bacteria","Bacillota_A","Clostridia","Lachnospirales","Lachnospiraceae","Eubacterium_I",NA,"g__Eubacterium_I"
"MAG260","Bacteria","Bacillota_I","Bacilli_A","Erysipelotrichales","Erysipelotrichaceae","Bulleidia",NA,"g__Bulleidia"
"MAG261","Bacteria","Bacillota","Bacilli","Lactobacillales","Streptococcaceae","Streptococcus","Streptococcus hyointestinalis","s__Streptococcus hyointestinalis"
"MAG262","Bacteria","Bacillota_A","Clostridia","Oscillospirales","Oscillospiraceae","Dysosmobacter","Dysosmobacter sp945862785","s__Dysosmobacter sp945862785"
"MAG263","Bacteria","Bacillota_A","Clostridia","Oscillospirales","Oscillospiraceae","Faecousia","Faecousia sp022775085","s__Faecousia sp022775085"
"MAG264","Bacteria","Bacillota_A","Clostridia","Lachnospirales","Lachnospiraceae","CAG-303",NA,"g__CAG-303"
"MAG265","Bacteria","Actinomycetota","Coriobacteriia","Coriobacteriales","Eggerthellaceae","JAQXVU01","JAQXVU01 sp029225085","s__JAQXVU01 sp029225085"
"MAG266","Bacteria","Bacillota_A","Clostridia","Oscillospirales","Oscillospiraceae","Faecousia",NA,"g__Faecousia"
"MAG267","Bacteria","Bacillota_A","Clostridia","TANB77","CAG-508","CAG-245","CAG-245 sp945946655","s__CAG-245 sp945946655"
"MAG268","Bacteria","Bacillota_A","Clostridia","Peptostreptococcales","Peptostreptococcaceae","Terrisporobacter","Terrisporobacter sp022782605","s__Terrisporobacter sp022782605"
"MAG269","Bacteria","Bacillota_A","Clostridia","TANB77","CAG-508","UMGS1994","UMGS1994 sp934130285","s__UMGS1994 sp934130285"
"MAG270","Bacteria","Bacteroidota","Bacteroidia","Bacteroidales","Bacteroidaceae","Prevotella","Prevotella sp002299635","s__Prevotella sp002299635"
"MAG271","Bacteria","Bacillota_C","Negativicutes","Selenomonadales","Selenomonadaceae","Mitsuokella","Mitsuokella jalaludinii","s__Mitsuokella jalaludinii"
"MAG272","Bacteria","Bacillota_A","Clostridia","Oscillospirales","Acutalibacteraceae","Ruminococcus_E","Ruminococcus_E bromii_B","s__Ruminococcus_E bromii_B"
"MAG273","Bacteria","Bacillota_C","Negativicutes","Selenomonadales","Selenomonadaceae","Selenomonas_C","Selenomonas_C sp900318215","s__Selenomonas_C sp900318215"
"MAG274","Bacteria","Bacillota_A","Clostridia","Lachnospirales","Lachnospiraceae","Lientehia","Lientehia sp934351765","s__Lientehia sp934351765"
"MAG275","Bacteria","Bacillota_I","Bacilli_A","Erysipelotrichales","Erysipelotrichaceae","Bulleidia","Bulleidia sp905194705","s__Bulleidia sp905194705"
"MAG276","Bacteria","Bacillota_A","Clostridia","Oscillospirales","Ruminococcaceae","Gemmiger","Gemmiger variabilis_B","s__Gemmiger variabilis_B"
"MAG277","Bacteria","Bacillota_A","Clostridia","Lachnospirales","Lachnospiraceae","CAG-791","CAG-791 sp000431495","s__CAG-791 sp000431495"
"MAG278","Bacteria","Bacillota_I","Bacilli_A","RF39","UBA660","RUG11198","RUG11198 sp934176955","s__RUG11198 sp934176955"
"MAG279","Bacteria","Bacillota_A","Clostridia","Lachnospirales","Lachnospiraceae","Coprococcus","Coprococcus sp029338615","s__Coprococcus sp029338615"
"MAG280","Bacteria","Actinomycetota","Coriobacteriia","Coriobacteriales","QAMH01","CACZQA01","CACZQA01 sp902783175","s__CACZQA01 sp902783175"
"MAG281","Bacteria","Bacillota_A","Clostridia","Lachnospirales","Lachnospiraceae","Agathobacter","Agathobacter faecis","s__Agathobacter faecis"
"MAG282","Bacteria","Bacillota_I","Bacilli_A","Erysipelotrichales","Coprobacillaceae","Catenibacterium","Catenibacterium mitsuokai","s__Catenibacterium mitsuokai"
"MAG283","Bacteria","Bacillota_A","Clostridia","Lachnospirales","Lachnospiraceae","Bilifractor","Bilifractor sp002394235","s__Bilifractor sp002394235"
"MAG284","Bacteria","Bacillota_A","Clostridia","Oscillospirales","Butyricicoccaceae","Agathobaculum","Agathobaculum butyriciproducens","s__Agathobaculum butyriciproducens"
"MAG285","Bacteria","Bacillota_C","Negativicutes","Veillonellales","Megasphaeraceae","Megasphaera","Megasphaera elsdenii","s__Megasphaera elsdenii"
"MAG286","Bacteria","Bacillota_A","Clostridia","Lachnospirales","Lachnospiraceae","Lachnospira","Lachnospira sp900772425","s__Lachnospira sp900772425"
"MAG287","Bacteria","Bacillota_A","Clostridia","Peptostreptococcales","Anaerovoracaceae","RUG708","RUG708 sp900321625","s__RUG708 sp900321625"
"MAG288","Bacteria","Bacillota_A","Clostridia","Oscillospirales","Acutalibacteraceae","Eubacterium_R","Eubacterium_R coprostanoligenes","s__Eubacterium_R coprostanoligenes"
"MAG289","Bacteria","Bacillota_A","Clostridia","Lachnospirales","Lachnospiraceae","CAKQHB01","CAKQHB01 sp934234215","s__CAKQHB01 sp934234215"
"MAG290","Bacteria","Bacillota_A","Clostridia","Oscillospirales","Ruminococcaceae","Gemmiger","Gemmiger qucibialis","s__Gemmiger qucibialis"
"MAG291","Bacteria","Bacteroidota","Bacteroidia","Bacteroidales","Bacteroidaceae","Prevotella","Prevotella sp022788105","s__Prevotella sp022788105"
"MAG292","Bacteria","Bacillota_I","Bacilli_A","Erysipelotrichales","Erysipelotrichaceae","Bulleidia","Bulleidia timonensis","s__Bulleidia timonensis"
"MAG293","Bacteria","Bacillota_A","Clostridia","Lachnospirales","Lachnospiraceae","Bariatricus",NA,"g__Bariatricus"
"MAG294","Bacteria","Bacillota","Bacilli","Lactobacillales","Lactobacillaceae","Ligilactobacillus","Ligilactobacillus agilis","s__Ligilactobacillus agilis"
"MAG295","Bacteria","Spirochaetota","Spirochaetia","Treponematales","Treponemataceae","Treponema_D","Treponema_D porcinum","s__Treponema_D porcinum"
"MAG296","Bacteria","Bacillota_A","Clostridia","TANB77","CAG-508","Scatovivens","Scatovivens sp934140005","s__Scatovivens sp934140005"
"MAG297","Bacteria","Bacillota_A","Clostridia","Peptostreptococcales","Anaerovoracaceae","Eubacterium_T","Eubacterium_T pyruvativorans","s__Eubacterium_T pyruvativorans"
"MAG298","Bacteria","Bacillota_A","Clostridia","Peptostreptococcales","Peptostreptococcaceae","Intestinibacter","Intestinibacter sp945931665","s__Intestinibacter sp945931665"
"MAG299","Bacteria","Bacillota","Bacilli","Lactobacillales","Streptococcaceae","Streptococcus","Streptococcus faecavium","s__Streptococcus faecavium"
"MAG300","Bacteria","Actinomycetota","Coriobacteriia","Coriobacteriales","Atopobiaceae","Paratractidigestivibacter","Paratractidigestivibacter faecalis","s__Paratractidigestivibacter faecalis"
"MAG301","Bacteria","Bacillota_I","Bacilli_A","Erysipelotrichales","Erysipelotrichaceae","Bulleidia","Bulleidia sp016293365","s__Bulleidia sp016293365"
